Scenario,SA?,RB?,period,fleet size,capacity,demand rate,service rate,reqs served,of total reqs,ond rate,reqs served,of total reqs,adv rate,reqs served,of total reqs,wait time ond,wait time adv,inveh time,detour,service dist,service time,service pct,rebl dist,rebl time,rebl pct,load dist,load time
AVPT400,no,orp,3600,140,4,845.77,99.75990396,831,833,99.74683544,788,790,100,43,43,316.4585426,194.6609823,509.4401969,1.122583238,27072.43837,2890.395714,80.28876984,3079.713352,316.8421429,8.801170635,0.838890062,0.784783074
AVPT400,no,orp,3600,140,4,792.32,100,759,759,100,709,709,100,50,50,315.9513671,244.8223977,522.5767488,1.114563097,26205.33103,2795.884286,77.66345238,3911.661932,394.7128571,10.96424603,0.800613463,0.764132718
AVPT400,no,orp,3600,140,4,794.08,100,773,773,100,737,737,100,36,36,308.8126911,183.750594,509.5004103,1.120793766,26130.38609,2773.12,77.03111111,2948.725848,302.395,8.399861111,0.813906656,0.760627812AVPT400,no,orp,3600,140,4,796.79,100.0,819,819,100.0,765,765,100.0,54,54,319.13088235677134,211.65463318994833,526.1414210701848,1.1141261620226315,28496.721262073148,3023.8885714285716,83.99690476190477,2921.814508286024,290.18357142857144,8.060654761904763,0.9040303657141688,0.8493034203501613,
