Scenario,SA?,RB?,period,fleet size,capacity,demand rate,service rate,reqs served,of total reqs,ond rate,reqs served,of total reqs,adv rate,reqs served,of total reqs,wait time ond,wait time adv,inveh time,detour,service dist,service time,service pct,rebl dist,rebl time,rebl pct,load dist,load time
ASC35,no,orp,600,20,4,100,11.11111111,2,18,25,2,8,0,0,10,88.92609235,0,219.85,1.000238663,1180.777356,132,22,2126.781926,240.225,40.0375,0.135729557,0.120341667ASC35,no,orp,3600,20,4,114.476,85.85858585858585,85,99,80.55555555555556,58,72,100.0,27,27,360.9330796890425,80.4944624443531,445.5505928070108,1.0655300109560049,26115.152125241893,2879.9799999999996,79.99944444444442,1142.6910730410684,118.43999999999998,3.2899999999999996,0.6662370955307433,0.5533211280024822,
